{
    "api_keys": {
        "schwab_market_data_key": "your_schwab_market_data_api_key_here",
        "schwab_market_data_secret": "your_schwab_market_data_secret_here",
        "schwab_trading_key": "your_schwab_trading_api_key_here",
        "schwab_trading_secret": "your_schwab_trading_secret_here",
        "alpaca_api_key": "your_alpaca_api_key_here",
        "alpaca_secret_key": "your_alpaca_secret_key_here",
        "news_api_key": "your_news_api_key_here",
        "alpha_vantage": "your_alpha_vantage_api_key_here",
        "polygon": "",
        "finnhub": ""
    },
    "default_settings": {
        "default_symbols": ["META", "NVDA", "SPY", "TSLA", "MSFT", "HOOD", "PLTR"],
        "default_period": "1y",
        "update_interval": 300,
        "max_retries": 3,
        "timeout": 30
    },
    "technical_indicators": {
        "moving_averages": [20, 50, 200],
        "rsi_period": 14,
        "macd_fast": 12,
        "macd_slow": 26,
        "macd_signal": 9,
        "bollinger_period": 20,
        "bollinger_std": 2
    },
    "risk_management": {
        "max_position_size": 0.1,
        "stop_loss": 0.05,
        "take_profit": 0.15,
        "max_drawdown": 0.20
    }
} 